{"cameraMode":{"drawMode":0,"name":"Shaded","section":"Shading Mode"},"sceneLighting":true,"audioPlay":false,"sceneViewState":{"m_AlwaysRefresh":false,"showFog":false,"showSkybox":false,"showFlares":false,"showImageEffects":true,"showParticleSystems":true,"showVisualEffectGraphs":true,"m_FxEnabled":true},"in2DMode":false,"pivot":{"x":1.7777667045593262,"y":-0.2634270191192627,"z":4.860045433044434},"rotation":{"x":0.0013948992127552629,"y":0.36766761541366579,"z":-0.0005514555377885699,"w":0.9299566745758057},"size":7.261244773864746,"orthographic":false}